Stock Item Key,Stock Item,Color,Selling Package,Buying Package,Brand,Size,Is Chiller Stock,Unit Price,Unit Cost
83,Animal with big feet slippers (Brown) XL,N/A,Each,Each,N/A,XL,FALSE,32,18.88
84,Animal with big feet slippers (Brown) L,N/A,Each,Each,N/A,L,FALSE,32,18.88
85,Animal with big feet slippers (Brown) M,N/A,Each,Each,N/A,M,FALSE,32,18.88
86,Animal with big feet slippers (Brown) S,N/A,Each,Each,N/A,S,FALSE,32,18.88
95,Ogre battery-powered slippers (Green) XL,N/A,Each,Each,N/A,XL,FALSE,32,15.04
96,Ogre battery-powered slippers (Green) L,N/A,Each,Each,N/A,L,FALSE,32,15.04
97,Ogre battery-powered slippers (Green) M,N/A,Each,Each,N/A,M,FALSE,32,15.04
98,Ogre battery-powered slippers (Green) S,N/A,Each,Each,N/A,S,FALSE,32,15.04
99,Dinosaur battery-powered slippers (Green) XL,N/A,Each,Each,N/A,XL,FALSE,32,14.72
100,Dinosaur battery-powered slippers (Green) L,N/A,Each,Each,N/A,L,FALSE,32,14.72
101,Dinosaur battery-powered slippers (Green) M,N/A,Each,Each,N/A,M,FALSE,32,14.72
102,Dinosaur battery-powered slippers (Green) S,N/A,Each,Each,N/A,S,FALSE,32,14.72
206,USB food flash drive - fortune cookie,N/A,Each,Each,N/A,N/A,FALSE,32,22.72
207,USB food flash drive - shrimp cocktail,N/A,Each,Each,N/A,N/A,FALSE,32,22.72
208,USB food flash drive - donut,N/A,Each,Each,N/A,N/A,FALSE,32,22.72
209,USB food flash drive - cookie,N/A,Each,Each,N/A,N/A,FALSE,32,22.72
210,USB food flash drive - chocolate bar,N/A,Each,Each,N/A,N/A,FALSE,32,22.72
211,USB food flash drive - banana,N/A,Each,Each,N/A,N/A,FALSE,32,22.72
213,USB food flash drive - pizza slice,N/A,Each,Each,N/A,N/A,FALSE,32,22.72
214,USB food flash drive - hot dog,N/A,Each,Each,N/A,N/A,FALSE,32,22.72
215,USB food flash drive - hamburger,N/A,Each,Each,N/A,N/A,FALSE,32,22.72
216,USB food flash drive - sushi roll,N/A,Each,Each,N/A,N/A,FALSE,32,22.72
238,USB food flash drive - fortune cookie,N/A,Each,Each,N/A,N/A,FALSE,32,22.72
239,USB food flash drive - shrimp cocktail,N/A,Each,Each,N/A,N/A,FALSE,32,22.72
240,USB food flash drive - donut,N/A,Each,Each,N/A,N/A,FALSE,32,22.72
241,USB food flash drive - cookie,N/A,Each,Each,N/A,N/A,FALSE,32,22.72
242,USB food flash drive - chocolate bar,N/A,Each,Each,N/A,N/A,FALSE,32,22.72
243,USB food flash drive - banana,N/A,Each,Each,N/A,N/A,FALSE,32,22.72
245,USB food flash drive - pizza slice,N/A,Each,Each,N/A,N/A,FALSE,32,22.72
246,USB food flash drive - hot dog,N/A,Each,Each,N/A,N/A,FALSE,32,22.72
247,USB food flash drive - hamburger,N/A,Each,Each,N/A,N/A,FALSE,32,22.72
248,USB food flash drive - sushi roll,N/A,Each,Each,N/A,N/A,FALSE,32,22.72
360,Animal with big feet slippers (Brown) XL,N/A,Each,Each,N/A,XL,FALSE,32,22.72
361,Animal with big feet slippers (Brown) L,N/A,Each,Each,N/A,L,FALSE,32,22.72
362,Animal with big feet slippers (Brown) M,N/A,Each,Each,N/A,M,FALSE,32,22.72
363,Animal with big feet slippers (Brown) S,N/A,Each,Each,N/A,S,FALSE,32,22.72
372,Ogre battery-powered slippers (Green) XL,N/A,Each,Each,N/A,XL,FALSE,32,24.64
373,Ogre battery-powered slippers (Green) L,N/A,Each,Each,N/A,L,FALSE,32,24.64
374,Ogre battery-powered slippers (Green) M,N/A,Each,Each,N/A,M,FALSE,32,24.64
375,Ogre battery-powered slippers (Green) S,N/A,Each,Each,N/A,S,FALSE,32,24.64
376,Dinosaur battery-powered slippers (Green) XL,N/A,Each,Each,N/A,XL,FALSE,32,19.52
377,Dinosaur battery-powered slippers (Green) L,N/A,Each,Each,N/A,L,FALSE,32,19.52
378,Dinosaur battery-powered slippers (Green) M,N/A,Each,Each,N/A,M,FALSE,32,19.52
379,Dinosaur battery-powered slippers (Green) S,N/A,Each,Each,N/A,S,FALSE,32,19.52
497,Animal with big feet slippers (Brown) XL,N/A,Each,Each,N/A,XL,FALSE,32,16
498,Animal with big feet slippers (Brown) L,N/A,Each,Each,N/A,L,FALSE,32,16
499,Animal with big feet slippers (Brown) M,N/A,Each,Each,N/A,M,FALSE,32,16
500,Animal with big feet slippers (Brown) S,N/A,Each,Each,N/A,S,FALSE,32,16
509,Ogre battery-powered slippers (Green) XL,N/A,Each,Each,N/A,XL,FALSE,32,13.12
510,Ogre battery-powered slippers (Green) L,N/A,Each,Each,N/A,L,FALSE,32,13.12
511,Ogre battery-powered slippers (Green) M,N/A,Each,Each,N/A,M,FALSE,32,13.12
512,Ogre battery-powered slippers (Green) S,N/A,Each,Each,N/A,S,FALSE,32,13.12
513,Dinosaur battery-powered slippers (Green) XL,N/A,Each,Each,N/A,XL,FALSE,32,19.2
514,Dinosaur battery-powered slippers (Green) L,N/A,Each,Each,N/A,L,FALSE,32,19.2
515,Dinosaur battery-powered slippers (Green) M,N/A,Each,Each,N/A,M,FALSE,32,19.2
516,Dinosaur battery-powered slippers (Green) S,N/A,Each,Each,N/A,S,FALSE,32,19.2
517,Dinosaur battery-powered slippers (Green) S,N/A,Each,Each,N/A,S,FALSE,32,19.2
518,Dinosaur battery-powered slippers (Green) M,N/A,Each,Each,N/A,M,FALSE,32,19.2
519,Dinosaur battery-powered slippers (Green) L,N/A,Each,Each,N/A,L,FALSE,32,19.2
520,Dinosaur battery-powered slippers (Green) XL,N/A,Each,Each,N/A,XL,FALSE,32,19.2
521,Ogre battery-powered slippers (Green) S,N/A,Each,Each,N/A,S,FALSE,32,22.4
522,Ogre battery-powered slippers (Green) M,N/A,Each,Each,N/A,M,FALSE,32,22.4
523,Ogre battery-powered slippers (Green) L,N/A,Each,Each,N/A,L,FALSE,32,22.4
524,Ogre battery-powered slippers (Green) XL,N/A,Each,Each,N/A,XL,FALSE,32,22.4
533,Animal with big feet slippers (Brown) S,N/A,Each,Each,N/A,S,FALSE,32,15.68
534,Animal with big feet slippers (Brown) M,N/A,Each,Each,N/A,M,FALSE,32,15.68
535,Animal with big feet slippers (Brown) L,N/A,Each,Each,N/A,L,FALSE,32,15.68
536,Animal with big feet slippers (Brown) XL,N/A,Each,Each,N/A,XL,FALSE,32,15.68
538,USB food flash drive - fortune cookie,N/A,Each,Each,N/A,N/A,FALSE,32,13.12
539,USB food flash drive - shrimp cocktail,N/A,Each,Each,N/A,N/A,FALSE,32,13.12
540,USB food flash drive - donut,N/A,Each,Each,N/A,N/A,FALSE,32,13.12
541,USB food flash drive - cookie,N/A,Each,Each,N/A,N/A,FALSE,32,13.12
542,USB food flash drive - chocolate bar,N/A,Each,Each,N/A,N/A,FALSE,32,13.12
543,USB food flash drive - banana,N/A,Each,Each,N/A,N/A,FALSE,32,13.12
545,USB food flash drive - pizza slice,N/A,Each,Each,N/A,N/A,FALSE,32,13.12
546,USB food flash drive - hot dog,N/A,Each,Each,N/A,N/A,FALSE,32,13.12
547,USB food flash drive - hamburger,N/A,Each,Each,N/A,N/A,FALSE,32,13.12
548,USB food flash drive - sushi roll,N/A,Each,Each,N/A,N/A,FALSE,32,13.12
591,USB food flash drive - sushi roll,N/A,Each,Each,N/A,N/A,FALSE,32,13.12
592,USB food flash drive - hamburger,N/A,Each,Each,N/A,N/A,FALSE,32,13.12
593,USB food flash drive - hot dog,N/A,Each,Each,N/A,N/A,FALSE,32,13.12
594,USB food flash drive - pizza slice,N/A,Each,Each,N/A,N/A,FALSE,32,13.12
596,USB food flash drive - banana,N/A,Each,Each,N/A,N/A,FALSE,32,13.12
597,USB food flash drive - chocolate bar,N/A,Each,Each,N/A,N/A,FALSE,32,13.12
598,USB food flash drive - cookie,N/A,Each,Each,N/A,N/A,FALSE,32,13.12
599,USB food flash drive - donut,N/A,Each,Each,N/A,N/A,FALSE,32,13.12
600,USB food flash drive - shrimp cocktail,N/A,Each,Each,N/A,N/A,FALSE,32,13.12
601,USB food flash drive - fortune cookie,N/A,Each,Each,N/A,N/A,FALSE,32,13.12
87,Furry gorilla with big eyes slippers (Black) XL,Black,Each,Each,N/A,XL,FALSE,32,16.64
88,Furry gorilla with big eyes slippers (Black) L,Black,Each,Each,N/A,L,FALSE,32,16.64
89,Furry gorilla with big eyes slippers (Black) M,Black,Each,Each,N/A,M,FALSE,32,16.64
90,Furry gorilla with big eyes slippers (Black) S,Black,Each,Each,N/A,S,FALSE,32,16.64
91,Plush shark slippers (Gray) XL,Gray,Each,Each,N/A,XL,FALSE,32,25.6
92,Plush shark slippers (Gray) L,Gray,Each,Each,N/A,L,FALSE,32,25.6
93,Plush shark slippers (Gray) M,Gray,Each,Each,N/A,M,FALSE,32,25.6
94,Plush shark slippers (Gray) S,Gray,Each,Each,N/A,S,FALSE,32,25.6
364,Furry gorilla with big eyes slippers (Black) XL,Black,Each,Each,N/A,XL,FALSE,32,22.08
365,Furry gorilla with big eyes slippers (Black) L,Black,Each,Each,N/A,L,FALSE,32,22.08
366,Furry gorilla with big eyes slippers (Black) M,Black,Each,Each,N/A,M,FALSE,32,22.08
367,Furry gorilla with big eyes slippers (Black) S,Black,Each,Each,N/A,S,FALSE,32,22.08
368,Plush shark slippers (Gray) XL,Steel Gray,Each,Each,N/A,XL,FALSE,32,22.4
369,Plush shark slippers (Gray) L,Steel Gray,Each,Each,N/A,L,FALSE,32,22.4
370,Plush shark slippers (Gray) M,Steel Gray,Each,Each,N/A,M,FALSE,32,22.4
371,Plush shark slippers (Gray) S,Steel Gray,Each,Each,N/A,S,FALSE,32,22.4
501,Furry gorilla with big eyes slippers (Black) XL,Black,Each,Each,N/A,XL,FALSE,32,16
502,Furry gorilla with big eyes slippers (Black) L,Black,Each,Each,N/A,L,FALSE,32,16
503,Furry gorilla with big eyes slippers (Black) M,Black,Each,Each,N/A,M,FALSE,32,16
504,Furry gorilla with big eyes slippers (Black) S,Black,Each,Each,N/A,S,FALSE,32,16
505,Plush shark slippers (Gray) XL,Steel Gray,Each,Each,N/A,XL,FALSE,32,18.88
506,Plush shark slippers (Gray) L,Steel Gray,Each,Each,N/A,L,FALSE,32,18.88
507,Plush shark slippers (Gray) M,Steel Gray,Each,Each,N/A,M,FALSE,32,18.88
508,Plush shark slippers (Gray) S,Steel Gray,Each,Each,N/A,S,FALSE,32,18.88
525,Plush shark slippers (Gray) S,Steel Gray,Each,Each,N/A,S,FALSE,32,18.88
526,Plush shark slippers (Gray) M,Steel Gray,Each,Each,N/A,M,FALSE,32,18.88
527,Plush shark slippers (Gray) L,Steel Gray,Each,Each,N/A,L,FALSE,32,18.88
528,Plush shark slippers (Gray) XL,Steel Gray,Each,Each,N/A,XL,FALSE,32,18.88
529,Furry gorilla with big eyes slippers (Black) S,Black,Each,Each,N/A,S,FALSE,32,12.8
530,Furry gorilla with big eyes slippers (Black) M,Black,Each,Each,N/A,M,FALSE,32,12.8
531,Furry gorilla with big eyes slippers (Black) L,Black,Each,Each,N/A,L,FALSE,32,12.8
532,Furry gorilla with big eyes slippers (Black) XL,Black,Each,Each,N/A,XL,FALSE,32,12.8
15,Tape dispenser (Blue),N/A,Each,Each,N/A,N/A,FALSE,32,21.12
16,Tape dispenser (Red),N/A,Each,Each,N/A,N/A,FALSE,32,21.12
17,Tape dispenser (Black),N/A,Each,Each,N/A,N/A,FALSE,32,21.12
49,32 mm Anti static bubble wrap (Blue) 10m,Blue,Each,Each,N/A,10m,FALSE,32,25.28
307,Tape dispenser (Blue),N/A,Each,Each,N/A,N/A,FALSE,32,14.72
308,Tape dispenser (Red),N/A,Each,Each,N/A,N/A,FALSE,32,14.72
309,Tape dispenser (Black),N/A,Each,Each,N/A,N/A,FALSE,32,14.72
341,32 mm Anti static bubble wrap (Blue) 10m,Blue,Each,Each,N/A,10m,FALSE,32,14.08
623,32 mm Anti static bubble wrap (Blue) 10m,Blue,Each,Each,N/A,10m,FALSE,32,14.08
655,Tape dispenser (Black),N/A,Each,Each,N/A,N/A,FALSE,32,16.96
656,Tape dispenser (Red),N/A,Each,Each,N/A,N/A,FALSE,32,16.96
657,Tape dispenser (Blue),N/A,Each,Each,N/A,N/A,FALSE,32,16.96
163,IT joke mug - hardware: part of the computer that can be kicked (Black),Black,Each,Each,N/A,N/A,FALSE,13,5.46
164,IT joke mug - hardware: part of the computer that can be kicked (White),White,Each,Each,N/A,N/A,FALSE,13,5.46
165,IT joke mug - that behavior is by design (Black),Black,Each,Each,N/A,N/A,FALSE,13,5.85
166,IT joke mug - that behavior is by design (White),White,Each,Each,N/A,N/A,FALSE,13,5.85
167,IT joke mug - keyboard not found … press F1 to continue (Black),Black,Each,Each,N/A,N/A,FALSE,13,7.67
168,IT joke mug - keyboard not found … press F1 to continue (White),White,Each,Each,N/A,N/A,FALSE,13,7.67
169,Developer joke mug - old C developers never die (Black),Black,Each,Each,N/A,N/A,FALSE,13,9.23
170,Developer joke mug - old C developers never die (White),White,Each,Each,N/A,N/A,FALSE,13,9.23
171,Developer joke mug - this code was generated by a tool (Black),Black,Each,Each,N/A,N/A,FALSE,13,9.23
172,Developer joke mug - this code was generated by a tool (White),White,Each,Each,N/A,N/A,FALSE,13,9.23
173,Developer joke mug - a foo walks into a bar (Black),Black,Each,Each,N/A,N/A,FALSE,13,9.23
174,Developer joke mug - a foo walks into a bar (White),White,Each,Each,N/A,N/A,FALSE,13,9.23
175,Developer joke mug - there are 10 types of people in the world (Black),Black,Each,Each,N/A,N/A,FALSE,13,9.23
176,Developer joke mug - there are 10 types of people in the world (White),White,Each,Each,N/A,N/A,FALSE,13,9.23
177,Developer joke mug - understanding recursion requires understanding recursion (Black),Black,Each,Each,N/A,N/A,FALSE,13,9.23
178,Developer joke mug - understanding recursion requires understanding recursion (White),White,Each,Each,N/A,N/A,FALSE,13,9.23
179,"Developer joke mug - (hip, hip, array) (Black)",Black,Each,Each,N/A,N/A,FALSE,13,9.23
180,"Developer joke mug - (hip, hip, array) (White)",White,Each,Each,N/A,N/A,FALSE,13,9.23
181,Developer joke mug - inheritance is the OO way to become wealthy (Black),Black,Each,Each,N/A,N/A,FALSE,13,9.23
182,Developer joke mug - inheritance is the OO way to become wealthy (White),White,Each,Each,N/A,N/A,FALSE,13,9.23
183,Developer joke mug - when your hammer is C++ (Black),Black,Each,Each,N/A,N/A,FALSE,13,9.23
184,Developer joke mug - when your hammer is C++ (White),White,Each,Each,N/A,N/A,FALSE,13,9.23
185,Developer joke mug - fun was unexpected at this time (Black),Black,Each,Each,N/A,N/A,FALSE,13,9.23
186,Developer joke mug - fun was unexpected at this time (White),White,Each,Each,N/A,N/A,FALSE,13,9.23
187,Developer joke mug - that's a hardware problem (Black),Black,Each,Each,N/A,N/A,FALSE,13,9.23
188,Developer joke mug - that's a hardware problem (White),White,Each,Each,N/A,N/A,FALSE,13,9.23
189,Developer joke mug - Oct 31 = Dec 25 (Black),Black,Each,Each,N/A,N/A,FALSE,13,9.23
190,Developer joke mug - Oct 31 = Dec 25 (White),White,Each,Each,N/A,N/A,FALSE,13,9.23
191,DBA joke mug - two types of DBAs (Black),Black,Each,Each,N/A,N/A,FALSE,13,10.4
192,DBA joke mug - two types of DBAs (White),White,Each,Each,N/A,N/A,FALSE,13,10.4
193,DBA joke mug - SELECT caffeine FROM mug (Black),Black,Each,Each,N/A,N/A,FALSE,13,10.4
194,DBA joke mug - SELECT caffeine FROM mug (White),White,Each,Each,N/A,N/A,FALSE,13,10.4
195,DBA joke mug - I will get you in order (Black),Black,Each,Each,N/A,N/A,FALSE,13,10.4
196,DBA joke mug - I will get you in order (White),White,Each,Each,N/A,N/A,FALSE,13,10.4
197,DBA joke mug - it depends (Black),Black,Each,Each,N/A,N/A,FALSE,13,10.4
198,DBA joke mug - it depends (White),White,Each,Each,N/A,N/A,FALSE,13,10.4
199,DBA joke mug - you might be a DBA if (Black),Black,Each,Each,N/A,N/A,FALSE,13,10.4
200,DBA joke mug - you might be a DBA if (White),White,Each,Each,N/A,N/A,FALSE,13,10.4
201,DBA joke mug - daaaaaa-ta (Black),Black,Each,Each,N/A,N/A,FALSE,13,10.4
202,DBA joke mug - daaaaaa-ta (White),White,Each,Each,N/A,N/A,FALSE,13,10.4
203,DBA joke mug - mind if I join you? (Black),Black,Each,Each,N/A,N/A,FALSE,13,10.4
204,DBA joke mug - mind if I join you? (White),White,Each,Each,N/A,N/A,FALSE,13,10.4
249,IT joke mug - hardware: part of the computer that can be kicked (Black),Black,Each,Each,N/A,N/A,FALSE,13,6.89
250,IT joke mug - hardware: part of the computer that can be kicked (White),White,Each,Each,N/A,N/A,FALSE,13,6.89
251,IT joke mug - that behavior is by design (Black),Black,Each,Each,N/A,N/A,FALSE,13,7.02
252,IT joke mug - that behavior is by design (White),White,Each,Each,N/A,N/A,FALSE,13,7.02
253,IT joke mug - keyboard not found … press F1 to continue (Black),Black,Each,Each,N/A,N/A,FALSE,13,9.75
254,IT joke mug - keyboard not found … press F1 to continue (White),White,Each,Each,N/A,N/A,FALSE,13,9.75
255,Developer joke mug - old C developers never die (Black),Black,Each,Each,N/A,N/A,FALSE,13,10.14
256,Developer joke mug - old C developers never die (White),White,Each,Each,N/A,N/A,FALSE,13,10.14
257,Developer joke mug - this code was generated by a tool (Black),Black,Each,Each,N/A,N/A,FALSE,13,10.14
258,Developer joke mug - this code was generated by a tool (White),White,Each,Each,N/A,N/A,FALSE,13,10.14
259,Developer joke mug - a foo walks into a bar (Black),Black,Each,Each,N/A,N/A,FALSE,13,10.14
260,Developer joke mug - a foo walks into a bar (White),White,Each,Each,N/A,N/A,FALSE,13,10.14
261,Developer joke mug - there are 10 types of people in the world (Black),Black,Each,Each,N/A,N/A,FALSE,13,10.14
262,Developer joke mug - there are 10 types of people in the world (White),White,Each,Each,N/A,N/A,FALSE,13,10.14
263,Developer joke mug - understanding recursion requires understanding recursion (Black),Black,Each,Each,N/A,N/A,FALSE,13,10.14
264,Developer joke mug - understanding recursion requires understanding recursion (White),White,Each,Each,N/A,N/A,FALSE,13,10.14
265,"Developer joke mug - (hip, hip, array) (Black)",Black,Each,Each,N/A,N/A,FALSE,13,10.14
266,"Developer joke mug - (hip, hip, array) (White)",White,Each,Each,N/A,N/A,FALSE,13,10.14
267,Developer joke mug - inheritance is the OO way to become wealthy (Black),Black,Each,Each,N/A,N/A,FALSE,13,10.14
268,Developer joke mug - inheritance is the OO way to become wealthy (White),White,Each,Each,N/A,N/A,FALSE,13,10.14
269,Developer joke mug - when your hammer is C++ (Black),Black,Each,Each,N/A,N/A,FALSE,13,10.14
270,Developer joke mug - when your hammer is C++ (White),White,Each,Each,N/A,N/A,FALSE,13,10.14
271,Developer joke mug - fun was unexpected at this time (Black),Black,Each,Each,N/A,N/A,FALSE,13,10.14
272,Developer joke mug - fun was unexpected at this time (White),White,Each,Each,N/A,N/A,FALSE,13,10.14
273,Developer joke mug - that's a hardware problem (Black),Black,Each,Each,N/A,N/A,FALSE,13,10.14
274,Developer joke mug - that's a hardware problem (White),White,Each,Each,N/A,N/A,FALSE,13,10.14
275,Developer joke mug - Oct 31 = Dec 25 (Black),Black,Each,Each,N/A,N/A,FALSE,13,10.14
276,Developer joke mug - Oct 31 = Dec 25 (White),White,Each,Each,N/A,N/A,FALSE,13,10.14
277,DBA joke mug - two types of DBAs (Black),Black,Each,Each,N/A,N/A,FALSE,13,9.62
278,DBA joke mug - two types of DBAs (White),White,Each,Each,N/A,N/A,FALSE,13,9.62
279,DBA joke mug - SELECT caffeine FROM mug (Black),Black,Each,Each,N/A,N/A,FALSE,13,9.62
280,DBA joke mug - SELECT caffeine FROM mug (White),White,Each,Each,N/A,N/A,FALSE,13,9.62
281,DBA joke mug - I will get you in order (Black),Black,Each,Each,N/A,N/A,FALSE,13,9.62
282,DBA joke mug - I will get you in order (White),White,Each,Each,N/A,N/A,FALSE,13,9.62
283,DBA joke mug - it depends (Black),Black,Each,Each,N/A,N/A,FALSE,13,9.62
284,DBA joke mug - it depends (White),White,Each,Each,N/A,N/A,FALSE,13,9.62
285,DBA joke mug - you might be a DBA if (Black),Black,Each,Each,N/A,N/A,FALSE,13,9.62
286,DBA joke mug - you might be a DBA if (White),White,Each,Each,N/A,N/A,FALSE,13,9.62
287,DBA joke mug - daaaaaa-ta (Black),Black,Each,Each,N/A,N/A,FALSE,13,9.62
288,DBA joke mug - daaaaaa-ta (White),White,Each,Each,N/A,N/A,FALSE,13,9.62
289,DBA joke mug - mind if I join you? (Black),Black,Each,Each,N/A,N/A,FALSE,13,9.62
290,DBA joke mug - mind if I join you? (White),White,Each,Each,N/A,N/A,FALSE,13,9.62
549,DBA joke mug - mind if I join you? (White),White,Each,Each,N/A,N/A,FALSE,13,9.62
550,DBA joke mug - mind if I join you? (Black),Black,Each,Each,N/A,N/A,FALSE,13,9.62
551,DBA joke mug - daaaaaa-ta (White),White,Each,Each,N/A,N/A,FALSE,13,9.62
552,DBA joke mug - daaaaaa-ta (Black),Black,Each,Each,N/A,N/A,FALSE,13,9.62
553,DBA joke mug - you might be a DBA if (White),White,Each,Each,N/A,N/A,FALSE,13,9.62
554,DBA joke mug - you might be a DBA if (Black),Black,Each,Each,N/A,N/A,FALSE,13,9.62
555,DBA joke mug - it depends (White),White,Each,Each,N/A,N/A,FALSE,13,9.62
556,DBA joke mug - it depends (Black),Black,Each,Each,N/A,N/A,FALSE,13,9.62
557,DBA joke mug - I will get you in order (White),White,Each,Each,N/A,N/A,FALSE,13,9.62
558,DBA joke mug - I will get you in order (Black),Black,Each,Each,N/A,N/A,FALSE,13,9.62
559,DBA joke mug - SELECT caffeine FROM mug (White),White,Each,Each,N/A,N/A,FALSE,13,9.62
560,DBA joke mug - SELECT caffeine FROM mug (Black),Black,Each,Each,N/A,N/A,FALSE,13,9.62
561,DBA joke mug - two types of DBAs (White),White,Each,Each,N/A,N/A,FALSE,13,9.62
562,DBA joke mug - two types of DBAs (Black),Black,Each,Each,N/A,N/A,FALSE,13,9.62
563,Developer joke mug - Oct 31 = Dec 25 (White),White,Each,Each,N/A,N/A,FALSE,13,8.06
564,Developer joke mug - Oct 31 = Dec 25 (Black),Black,Each,Each,N/A,N/A,FALSE,13,8.06
565,Developer joke mug - that's a hardware problem (White),White,Each,Each,N/A,N/A,FALSE,13,8.06
566,Developer joke mug - that's a hardware problem (Black),Black,Each,Each,N/A,N/A,FALSE,13,8.06
567,Developer joke mug - fun was unexpected at this time (White),White,Each,Each,N/A,N/A,FALSE,13,8.06
568,Developer joke mug - fun was unexpected at this time (Black),Black,Each,Each,N/A,N/A,FALSE,13,8.06
569,Developer joke mug - when your hammer is C++ (White),White,Each,Each,N/A,N/A,FALSE,13,8.06
570,Developer joke mug - when your hammer is C++ (Black),Black,Each,Each,N/A,N/A,FALSE,13,8.06
571,Developer joke mug - inheritance is the OO way to become wealthy (White),White,Each,Each,N/A,N/A,FALSE,13,8.06
572,Developer joke mug - inheritance is the OO way to become wealthy (Black),Black,Each,Each,N/A,N/A,FALSE,13,8.06
573,"Developer joke mug - (hip, hip, array) (White)",White,Each,Each,N/A,N/A,FALSE,13,8.06
574,"Developer joke mug - (hip, hip, array) (Black)",Black,Each,Each,N/A,N/A,FALSE,13,8.06
575,Developer joke mug - understanding recursion requires understanding recursion (White),White,Each,Each,N/A,N/A,FALSE,13,8.06
576,Developer joke mug - understanding recursion requires understanding recursion (Black),Black,Each,Each,N/A,N/A,FALSE,13,8.06
577,Developer joke mug - there are 10 types of people in the world (White),White,Each,Each,N/A,N/A,FALSE,13,8.06
578,Developer joke mug - there are 10 types of people in the world (Black),Black,Each,Each,N/A,N/A,FALSE,13,8.06
579,Developer joke mug - a foo walks into a bar (White),White,Each,Each,N/A,N/A,FALSE,13,8.06
580,Developer joke mug - a foo walks into a bar (Black),Black,Each,Each,N/A,N/A,FALSE,13,8.06
581,Developer joke mug - this code was generated by a tool (White),White,Each,Each,N/A,N/A,FALSE,13,8.06
582,Developer joke mug - this code was generated by a tool (Black),Black,Each,Each,N/A,N/A,FALSE,13,8.06
583,Developer joke mug - old C developers never die (White),White,Each,Each,N/A,N/A,FALSE,13,8.06
584,Developer joke mug - old C developers never die (Black),Black,Each,Each,N/A,N/A,FALSE,13,8.06
585,IT joke mug - keyboard not found … press F1 to continue (White),White,Each,Each,N/A,N/A,FALSE,13,8.71
586,IT joke mug - keyboard not found … press F1 to continue (Black),Black,Each,Each,N/A,N/A,FALSE,13,8.71
587,IT joke mug - that behavior is by design (White),White,Each,Each,N/A,N/A,FALSE,13,5.2
588,IT joke mug - that behavior is by design (Black),Black,Each,Each,N/A,N/A,FALSE,13,5.2
589,IT joke mug - hardware: part of the computer that can be kicked (White),White,Each,Each,N/A,N/A,FALSE,13,5.72
590,IT joke mug - hardware: part of the computer that can be kicked (Black),Black,Each,Each,N/A,N/A,FALSE,13,5.72
71,Halloween skull mask (Gray) XL,Gray,Each,Carton,N/A,XL,FALSE,18,9.9
72,Halloween skull mask (Gray) L,Gray,Each,Carton,N/A,L,FALSE,18,9.9
73,Halloween skull mask (Gray) M,Gray,Each,Carton,N/A,M,FALSE,18,9.9
74,Halloween skull mask (Gray) S,Gray,Each,Carton,N/A,S,FALSE,18,9.9
75,Halloween zombie mask (Light Brown) XL,Light Brown,Each,Carton,N/A,XL,FALSE,18,9
76,Halloween zombie mask (Light Brown) L,Light Brown,Each,Carton,N/A,L,FALSE,18,9
77,Halloween zombie mask (Light Brown) M,Light Brown,Each,Carton,N/A,M,FALSE,18,9
78,Halloween zombie mask (Light Brown) S,Light Brown,Each,Carton,N/A,S,FALSE,18,9
119,"""The Gu"" red shirt XML tag t-shirt (Black) 7XL",Black,Each,Carton,N/A,7XL,FALSE,18,12.6
120,"""The Gu"" red shirt XML tag t-shirt (Black) 6XL",Black,Each,Carton,N/A,6XL,FALSE,18,12.6
121,"""The Gu"" red shirt XML tag t-shirt (Black) 5XL",Black,Each,Carton,N/A,5XL,FALSE,18,12.6
122,"""The Gu"" red shirt XML tag t-shirt (Black) 4XL",Black,Each,Carton,N/A,4XL,FALSE,18,12.6
123,"""The Gu"" red shirt XML tag t-shirt (Black) 3XL",Black,Each,Carton,N/A,3XL,FALSE,18,12.6
124,"""The Gu"" red shirt XML tag t-shirt (Black) XXL",Black,Each,Carton,N/A,XXL,FALSE,18,12.6
125,"""The Gu"" red shirt XML tag t-shirt (Black) XL",Black,Each,Carton,N/A,XL,FALSE,18,12.6
126,"""The Gu"" red shirt XML tag t-shirt (Black) L",Black,Each,Carton,N/A,L,FALSE,18,12.6
127,"""The Gu"" red shirt XML tag t-shirt (Black) M",Black,Each,Carton,N/A,M,FALSE,18,12.6
128,"""The Gu"" red shirt XML tag t-shirt (Black) S",Black,Each,Carton,N/A,S,FALSE,18,12.6
129,"""The Gu"" red shirt XML tag t-shirt (Black) XS",Black,Each,Carton,N/A,XS,FALSE,18,12.6
130,"""The Gu"" red shirt XML tag t-shirt (Black) XXS",Black,Each,Carton,N/A,XXS,FALSE,18,12.6
131,"""The Gu"" red shirt XML tag t-shirt (Black) 3XS",Black,Each,Carton,N/A,3XS,FALSE,18,12.6
132,"""The Gu"" red shirt XML tag t-shirt (White) 7XL",White,Each,Carton,N/A,7XL,FALSE,18,12.6
133,"""The Gu"" red shirt XML tag t-shirt (White) 6XL",White,Each,Carton,N/A,6XL,FALSE,18,12.6
134,"""The Gu"" red shirt XML tag t-shirt (White) 5XL",White,Each,Carton,N/A,5XL,FALSE,18,12.6
135,"""The Gu"" red shirt XML tag t-shirt (White) 4XL",White,Each,Carton,N/A,4XL,FALSE,18,12.6
136,"""The Gu"" red shirt XML tag t-shirt (White) 3XL",White,Each,Carton,N/A,3XL,FALSE,18,12.6
137,"""The Gu"" red shirt XML tag t-shirt (White) XXL",White,Each,Carton,N/A,XXL,FALSE,18,12.6
138,"""The Gu"" red shirt XML tag t-shirt (White) XL",White,Each,Carton,N/A,XL,FALSE,18,12.6
139,"""The Gu"" red shirt XML tag t-shirt (White) L",White,Each,Carton,N/A,L,FALSE,18,12.6
140,"""The Gu"" red shirt XML tag t-shirt (White) M",White,Each,Carton,N/A,M,FALSE,18,12.6
141,"""The Gu"" red shirt XML tag t-shirt (White) S",White,Each,Carton,N/A,S,FALSE,18,12.6
142,"""The Gu"" red shirt XML tag t-shirt (White) XS",White,Each,Carton,N/A,XS,FALSE,18,12.6
143,"""The Gu"" red shirt XML tag t-shirt (White) XXS",White,Each,Carton,N/A,XXS,FALSE,18,12.6
144,"""The Gu"" red shirt XML tag t-shirt (White) 3XS",White,Each,Carton,N/A,3XS,FALSE,18,12.6
380,Halloween skull mask (Gray) XL,Steel Gray,Each,Carton,N/A,XL,FALSE,18,7.38
381,Halloween skull mask (Gray) L,Steel Gray,Each,Carton,N/A,L,FALSE,18,7.38
382,Halloween skull mask (Gray) M,Steel Gray,Each,Carton,N/A,M,FALSE,18,7.38
383,Halloween skull mask (Gray) S,Steel Gray,Each,Carton,N/A,S,FALSE,18,7.38
384,Halloween zombie mask (Light Brown) XL,Light Brown,Each,Carton,N/A,XL,FALSE,18,7.92
385,Halloween zombie mask (Light Brown) L,Light Brown,Each,Carton,N/A,L,FALSE,18,7.92
386,Halloween zombie mask (Light Brown) M,Light Brown,Each,Carton,N/A,M,FALSE,18,7.92
387,Halloween zombie mask (Light Brown) S,Light Brown,Each,Carton,N/A,S,FALSE,18,7.92
399,"""The Gu"" red shirt XML tag t-shirt (White) 3XS",White,Each,Carton,N/A,3XS,FALSE,18,10.62
400,"""The Gu"" red shirt XML tag t-shirt (White) XXS",White,Each,Carton,N/A,XXS,FALSE,18,10.62
401,"""The Gu"" red shirt XML tag t-shirt (White) XS",White,Each,Carton,N/A,XS,FALSE,18,10.62
402,"""The Gu"" red shirt XML tag t-shirt (White) S",White,Each,Carton,N/A,S,FALSE,18,10.62
403,"""The Gu"" red shirt XML tag t-shirt (White) M",White,Each,Carton,N/A,M,FALSE,18,10.62
404,"""The Gu"" red shirt XML tag t-shirt (White) L",White,Each,Carton,N/A,L,FALSE,18,10.62
405,"""The Gu"" red shirt XML tag t-shirt (White) XL",White,Each,Carton,N/A,XL,FALSE,18,10.62
406,"""The Gu"" red shirt XML tag t-shirt (White) XXL",White,Each,Carton,N/A,XXL,FALSE,18,10.62
407,"""The Gu"" red shirt XML tag t-shirt (White) 3XL",White,Each,Carton,N/A,3XL,FALSE,18,10.62
408,"""The Gu"" red shirt XML tag t-shirt (White) 4XL",White,Each,Carton,N/A,4XL,FALSE,18,10.62
409,"""The Gu"" red shirt XML tag t-shirt (White) 5XL",White,Each,Carton,N/A,5XL,FALSE,18,10.62
410,"""The Gu"" red shirt XML tag t-shirt (White) 6XL",White,Each,Carton,N/A,6XL,FALSE,18,10.62
411,"""The Gu"" red shirt XML tag t-shirt (White) 7XL",White,Each,Carton,N/A,7XL,FALSE,18,10.62
412,"""The Gu"" red shirt XML tag t-shirt (Black) 3XS",Black,Each,Carton,N/A,3XS,FALSE,18,10.62
413,"""The Gu"" red shirt XML tag t-shirt (Black) XXS",Black,Each,Carton,N/A,XXS,FALSE,18,10.62
414,"""The Gu"" red shirt XML tag t-shirt (Black) XS",Black,Each,Carton,N/A,XS,FALSE,18,10.62
415,"""The Gu"" red shirt XML tag t-shirt (Black) S",Black,Each,Carton,N/A,S,FALSE,18,10.62
416,"""The Gu"" red shirt XML tag t-shirt (Black) M",Black,Each,Carton,N/A,M,FALSE,18,10.62
417,"""The Gu"" red shirt XML tag t-shirt (Black) L",Black,Each,Carton,N/A,L,FALSE,18,10.62
418,"""The Gu"" red shirt XML tag t-shirt (Black) XL",Black,Each,Carton,N/A,XL,FALSE,18,10.62
419,"""The Gu"" red shirt XML tag t-shirt (Black) XXL",Black,Each,Carton,N/A,XXL,FALSE,18,10.62
420,"""The Gu"" red shirt XML tag t-shirt (Black) 3XL",Black,Each,Carton,N/A,3XL,FALSE,18,10.62
421,"""The Gu"" red shirt XML tag t-shirt (Black) 4XL",Black,Each,Carton,N/A,4XL,FALSE,18,10.62
422,"""The Gu"" red shirt XML tag t-shirt (Black) 5XL",Black,Each,Carton,N/A,5XL,FALSE,18,10.62
423,"""The Gu"" red shirt XML tag t-shirt (Black) 6XL",Black,Each,Carton,N/A,6XL,FALSE,18,10.62
424,"""The Gu"" red shirt XML tag t-shirt (Black) 7XL",Black,Each,Carton,N/A,7XL,FALSE,18,10.62
477,Halloween zombie mask (Light Brown) S,Light Brown,Each,Carton,N/A,S,FALSE,18,11.7
478,Halloween zombie mask (Light Brown) M,Light Brown,Each,Carton,N/A,M,FALSE,18,11.7
479,Halloween zombie mask (Light Brown) L,Light Brown,Each,Carton,N/A,L,FALSE,18,11.7
480,Halloween zombie mask (Light Brown) XL,Light Brown,Each,Carton,N/A,XL,FALSE,18,11.7
481,Halloween skull mask (Gray) S,Steel Gray,Each,Carton,N/A,S,FALSE,18,8.1
482,Halloween skull mask (Gray) M,Steel Gray,Each,Carton,N/A,M,FALSE,18,8.1
483,Halloween skull mask (Gray) L,Steel Gray,Each,Carton,N/A,L,FALSE,18,8.1
484,Halloween skull mask (Gray) XL,Steel Gray,Each,Carton,N/A,XL,FALSE,18,8.1
61,20 mm Double sided bubble wrap 10m,N/A,Each,Each,N/A,10m,FALSE,18,13.86
353,20 mm Double sided bubble wrap 10m,N/A,Each,Each,N/A,10m,FALSE,18,13.86
611,20 mm Double sided bubble wrap 10m,N/A,Each,Each,N/A,10m,FALSE,18,13.86
0,Unknown,N/A,N/A,N/A,N/A,N/A,FALSE,0,0
68,Pack of 12 action figures (female),N/A,Packet,Packet,N/A,N/A,FALSE,16,12.64
69,Pack of 12 action figures (male),N/A,Packet,Packet,N/A,N/A,FALSE,16,12.64
70,Pack of 12 action figures (variety),N/A,Packet,Packet,N/A,N/A,FALSE,16,12.64
79,Furry animal socks (Pink) XL,N/A,Pair,Packet,N/A,XL,FALSE,5,2.8
80,Furry animal socks (Pink) L,N/A,Pair,Packet,N/A,L,FALSE,5,2.8
81,Furry animal socks (Pink) M,N/A,Pair,Packet,N/A,M,FALSE,5,2.8
82,Furry animal socks (Pink) S,N/A,Pair,Packet,N/A,S,FALSE,5,2.8
205,USB food flash drive - dessert 10 drive variety pack,N/A,Packet,Packet,N/A,N/A,FALSE,240,153.6
212,USB food flash drive - dim sum 10 drive variety pack,N/A,Packet,Packet,N/A,N/A,FALSE,240,153.6
237,USB food flash drive - dessert 10 drive variety pack,N/A,Packet,Packet,N/A,N/A,FALSE,240,153.6
244,USB food flash drive - dim sum 10 drive variety pack,N/A,Packet,Packet,N/A,N/A,FALSE,240,153.6
388,Pack of 12 action figures (female),N/A,Packet,Packet,N/A,N/A,FALSE,16,6.88
389,Pack of 12 action figures (male),N/A,Packet,Packet,N/A,N/A,FALSE,16,6.88
390,Pack of 12 action figures (variety),N/A,Packet,Packet,N/A,N/A,FALSE,16,6.88
441,Furry animal socks (Pink) S,N/A,Pair,Packet,N/A,S,FALSE,5,3.95
442,Furry animal socks (Pink) M,N/A,Pair,Packet,N/A,M,FALSE,5,3.95
443,Furry animal socks (Pink) L,N/A,Pair,Packet,N/A,L,FALSE,5,3.95
444,Furry animal socks (Pink) XL,N/A,Pair,Packet,N/A,XL,FALSE,5,3.95
485,Pack of 12 action figures (variety),N/A,Packet,Packet,N/A,N/A,FALSE,16,11.68
486,Pack of 12 action figures (male),N/A,Packet,Packet,N/A,N/A,FALSE,16,11.68
487,Pack of 12 action figures (female),N/A,Packet,Packet,N/A,N/A,FALSE,16,11.68
537,USB food flash drive - dessert 10 drive variety pack,N/A,Packet,Packet,N/A,N/A,FALSE,240,136.8
544,USB food flash drive - dim sum 10 drive variety pack,N/A,Packet,Packet,N/A,N/A,FALSE,240,136.8
595,USB food flash drive - dim sum 10 drive variety pack,N/A,Packet,Packet,N/A,N/A,FALSE,240,136.8
602,USB food flash drive - dessert 10 drive variety pack,N/A,Packet,Packet,N/A,N/A,FALSE,240,136.8
1,Void fill 400 L bag (White) 400L,N/A,Each,Each,N/A,400L,FALSE,50,22.5
2,Void fill 300 L bag (White) 300L,N/A,Each,Each,N/A,300L,FALSE,37.5,19.5
3,Void fill 200 L bag (White) 200L,N/A,Each,Each,N/A,200L,FALSE,25,10.25
4,Void fill 100 L bag (White) 100L,N/A,Each,Each,N/A,100L,FALSE,12.5,5.875
5,Air cushion machine (Blue),N/A,Each,Each,N/A,N/A,FALSE,1899,1405.26
6,Air cushion film 200mmx200mm 325m,N/A,Each,Each,N/A,325m,FALSE,90,51.3
7,Air cushion film 200mmx100mm 325m,N/A,Each,Each,N/A,325m,FALSE,87,51.3
8,Large  replacement blades 18mm,N/A,Each,Each,N/A,18mm,FALSE,4.3,2.279
9,Small 9mm replacement blades 9mm,N/A,Each,Each,N/A,9mm,FALSE,4.1,3.075
10,Packing knife with metal insert blade (Yellow) 18mm,N/A,Each,Each,N/A,18mm,FALSE,2.4,1.8
11,Packing knife with metal insert blade (Yellow) 9mm,N/A,Each,Each,N/A,9mm,FALSE,1.89,1.8
12,Permanent marker red 5mm nib (Red) 5mm,N/A,Each,Each,N/A,5mm,FALSE,2.7,2.025
13,Permanent marker blue 5mm nib (Blue) 5mm,N/A,Each,Each,N/A,5mm,FALSE,2.7,2.025
14,Permanent marker black 5mm nib (Black) 5mm,N/A,Each,Each,N/A,5mm,FALSE,2.7,2.025
18,Red and white urgent  heavy despatch tape  48mmx100m,N/A,Each,Each,N/A,48mmx100m,FALSE,4.1,1.681
19,Red and white urgent despatch tape 48mmx75m,N/A,Each,Each,N/A,48mmx75m,FALSE,3.7,1.681
20,Black and yellow heavy despatch tape 48mmx100m,N/A,Each,Each,N/A,48mmx100m,FALSE,4.1,2.952
21,Black and yellow heavy despatch tape  48mmx75m,N/A,Each,Each,N/A,48mmx75m,FALSE,3.7,2.952
22,Black and orange this way up despatch tape  48mmx100m,N/A,Each,Each,N/A,48mmx100m,FALSE,4.1,1.886
23,Black and orange this way up despatch tape 48mmx75m,N/A,Each,Each,N/A,48mmx75m,FALSE,3.7,1.886
24,Black and orange handle with care despatch tape  48mmx100m,N/A,Each,Each,N/A,48mmx100m,FALSE,4.1,1.886
25,Black and orange handle with care despatch tape  48mmx75m,N/A,Each,Each,N/A,48mmx75m,FALSE,3.7,1.886
26,Black and orange glass with care despatch tape  48mmx100m,N/A,Each,Each,N/A,48mmx100m,FALSE,4.1,1.886
27,Black and orange glass with care despatch tape 48mmx75m,N/A,Each,Each,N/A,48mmx75m,FALSE,3.7,1.886
28,Black and orange fragile despatch tape 48mmx100m,N/A,Each,Each,N/A,48mmx100m,FALSE,4.1,1.886
29,Black and orange fragile despatch tape 48mmx75m,N/A,Each,Each,N/A,48mmx75m,FALSE,3.7,1.886
30,Clear packaging tape 48mmx100m,N/A,Each,Each,N/A,48mmx100m,FALSE,3.5,1.89
31,Clear packaging tape 48mmx75m,N/A,Each,Each,N/A,48mmx75m,FALSE,2.9,1.89
32,3 kg Courier post bag (White) 300x190x95mm,N/A,Each,Each,N/A,300x190x95mm,FALSE,0.66,0.3828
33,Express post box 5kg (White) 350x280x130mm,N/A,Each,Each,N/A,350x280x130mm,FALSE,0.95,0.513
34,Shipping carton (Brown) 457x457x457mm,N/A,Each,Each,N/A,457x457x457mm,FALSE,2.1,1.281
35,Shipping carton (Brown) 356x356x279mm,N/A,Each,Each,N/A,356x356x279mm,FALSE,2.04,1.281
36,Shipping carton (Brown) 305x305x305mm,N/A,Each,Each,N/A,305x305x305mm,FALSE,3.5,1.281
37,Shipping carton (Brown) 480x270x320mm,N/A,Each,Each,N/A,480x270x320mm,FALSE,2.74,1.281
38,Shipping carton (Brown) 457x279x279mm,N/A,Each,Each,N/A,457x279x279mm,FALSE,1.28,1.281
39,Shipping carton (Brown) 356x229x229mm,N/A,Each,Each,N/A,356x229x229mm,FALSE,1.14,1.281
40,Shipping carton (Brown) 279x254x217mm,N/A,Each,Each,N/A,279x254x217mm,FALSE,1.11,1.281
41,Shipping carton (Brown) 229x229x229mm,N/A,Each,Each,N/A,229x229x229mm,FALSE,1.05,1.281
42,Shipping carton (Brown) 500x310x310mm,N/A,Each,Each,N/A,500x310x310mm,FALSE,2.55,1.281
43,Shipping carton (Brown) 413x285x187mm,N/A,Each,Each,N/A,413x285x187mm,FALSE,1.05,1.281
44,Bubblewrap dispenser (Red) 1.5m,Red,Each,Each,N/A,1.5m,FALSE,240,182.4
45,Bubblewrap dispenser (Blue) 1.5m,Blue,Each,Each,N/A,1.5m,FALSE,240,182.4
46,Bubblewrap dispenser (Black) 1.5m,Black,Each,Each,N/A,1.5m,FALSE,240,182.4
47,32 mm Anti static bubble wrap (Blue) 50m,Blue,Each,Each,N/A,50m,FALSE,105,70.35
48,32 mm Anti static bubble wrap (Blue) 20m,Blue,Each,Each,N/A,20m,FALSE,48,70.35
50,20 mm Anti static bubble wrap (Blue) 50m,Blue,Each,Each,N/A,50m,FALSE,102,58.14
51,20 mm Anti static bubble wrap (Blue) 20m,Blue,Each,Each,N/A,20m,FALSE,45,58.14
52,20 mm Anti static bubble wrap (Blue) 10m,Blue,Each,Each,N/A,10m,FALSE,29,58.14
53,10 mm Anti static bubble wrap (Blue) 50m,Blue,Each,Each,N/A,50m,FALSE,99,77.22
54,10 mm Anti static bubble wrap (Blue) 20m,Blue,Each,Each,N/A,20m,FALSE,42,77.22
55,10 mm Anti static bubble wrap (Blue) 10m,Blue,Each,Each,N/A,10m,FALSE,26,77.22
56,32 mm Double sided bubble wrap 50m,N/A,Each,Each,N/A,50m,FALSE,112,81.76
57,32 mm Double sided bubble wrap 20m,N/A,Each,Each,N/A,20m,FALSE,37,81.76
58,32 mm Double sided bubble wrap 10m,N/A,Each,Each,N/A,10m,FALSE,22,81.76
59,20 mm Double sided bubble wrap 50m,N/A,Each,Each,N/A,50m,FALSE,108,46.44
60,20 mm Double sided bubble wrap 20m,N/A,Each,Each,N/A,20m,FALSE,33,46.44
62,10 mm Double sided bubble wrap 50m,N/A,Each,Each,N/A,50m,FALSE,105,64.05
63,10 mm Double sided bubble wrap 20m,N/A,Each,Each,N/A,20m,FALSE,30,64.05
64,10 mm Double sided bubble wrap 10m,N/A,Each,Each,N/A,10m,FALSE,15,64.05
65,Large sized bubblewrap roll 50m,N/A,Each,Each,N/A,50m,FALSE,24,15.36
66,Medium sized bubblewrap roll 20m,N/A,Each,Each,N/A,20m,FALSE,20,15.6
67,Small sized bubblewrap roll 10m,N/A,Each,Each,N/A,10m,FALSE,4.5,1.8
103,Superhero action jacket (Blue) 5XL,Blue,Each,Each,N/A,5XL,FALSE,34,14.28
104,Superhero action jacket (Blue) 4XL,Blue,Each,Each,N/A,4XL,FALSE,34,14.28
105,Superhero action jacket (Blue) 3XL,Blue,Each,Each,N/A,3XL,FALSE,34,14.28
106,Superhero action jacket (Blue) XXL,Blue,Each,Each,N/A,XXL,FALSE,30,14.28
107,Superhero action jacket (Blue) XL,Blue,Each,Each,N/A,XL,FALSE,30,14.28
108,Superhero action jacket (Blue) L,Blue,Each,Each,N/A,L,FALSE,30,14.28
109,Superhero action jacket (Blue) M,Blue,Each,Each,N/A,M,FALSE,30,14.28
110,Superhero action jacket (Blue) S,Blue,Each,Each,N/A,S,FALSE,25,14.28
111,Superhero action jacket (Blue) XS,Blue,Each,Each,N/A,XS,FALSE,25,14.28
112,Superhero action jacket (Blue) XXS,Blue,Each,Each,N/A,XXS,FALSE,25,14.28
113,Superhero action jacket (Blue) 3XS,Blue,Each,Each,N/A,3XS,FALSE,25,14.28
114,Alien officer hoodie (Black) 5XL,Black,Each,Each,N/A,5XL,FALSE,35,14.7
115,Alien officer hoodie (Black) 4XL,Black,Each,Each,N/A,4XL,FALSE,35,14.7
116,Alien officer hoodie (Black) 3XL,Black,Each,Each,N/A,3XL,FALSE,35,14.7
117,Alien officer hoodie (Black) XXL,Black,Each,Each,N/A,XXL,FALSE,35,14.7
118,Alien officer hoodie (Black) XL,Black,Each,Each,N/A,XL,FALSE,35,14.7
145,Ride on big wheel monster truck (Black) 1/12 scale,Black,Each,Each,Northwind,1/12 scale,FALSE,345,151.8
146,Ride on vintage American toy coupe (Black) 1/12 scale,Black,Each,Each,Northwind,1/12 scale,FALSE,285,119.7
147,Ride on vintage American toy coupe (Red) 1/12 scale,Red,Each,Each,Northwind,1/12 scale,FALSE,285,119.7
148,Ride on toy sedan car (Pink) 1/12 scale,N/A,Each,Each,Northwind,1/12 scale,FALSE,230,94.3
149,Ride on toy sedan car (Yellow) 1/12 scale,Yellow,Each,Each,Northwind,1/12 scale,FALSE,230,94.3
150,Ride on toy sedan car (Green) 1/12 scale,N/A,Each,Each,Northwind,1/12 scale,FALSE,230,94.3
151,Ride on toy sedan car (Blue) 1/12 scale,Blue,Each,Each,Northwind,1/12 scale,FALSE,230,94.3
152,Ride on toy sedan car (Red) 1/12 scale,Red,Each,Each,Northwind,1/12 scale,FALSE,230,94.3
153,Ride on toy sedan car (Black) 1/12 scale,Black,Each,Each,Northwind,1/12 scale,FALSE,230,94.3
154,RC big wheel monster truck with remote control (Black) 1/50 scale,Black,Each,Each,Northwind,1/50 scale,FALSE,45,18.9
155,RC vintage American toy coupe with remote control (Black) 1/50 scale,Black,Each,Each,Northwind,1/50 scale,FALSE,30,18.6
156,RC vintage American toy coupe with remote control (Red) 1/50 scale,Red,Each,Each,Northwind,1/50 scale,FALSE,30,18.6
157,RC toy sedan car with remote control (Pink) 1/50 scale,N/A,Each,Each,Northwind,1/50 scale,FALSE,25,13.5
158,RC toy sedan car with remote control (Yellow) 1/50 scale,Yellow,Each,Each,Northwind,1/50 scale,FALSE,25,13.5
159,RC toy sedan car with remote control (Green) 1/50 scale,N/A,Each,Each,Northwind,1/50 scale,FALSE,25,13.5
160,RC toy sedan car with remote control (Blue) 1/50 scale,Blue,Each,Each,Northwind,1/50 scale,FALSE,25,13.5
161,RC toy sedan car with remote control (Red) 1/50 scale,Red,Each,Each,Northwind,1/50 scale,FALSE,25,13.5
162,RC toy sedan car with remote control (Black) 1/50 scale,Black,Each,Each,Northwind,1/50 scale,FALSE,25,13.5
217,Office cube periscope (Black),Black,Each,Carton,N/A,N/A,FALSE,18.5,9.065
218,USB rocket launcher (Gray),Gray,Each,Each,N/A,N/A,FALSE,25,14.25
219,USB missile launcher (Green),N/A,Each,Each,N/A,N/A,FALSE,25,18
228,RC big wheel monster truck with remote control (Black) 1/50 scale,Black,Each,Each,Northwind,1/50 scale,FALSE,45,34.2
229,RC vintage American toy coupe with remote control (Black) 1/50 scale,Black,Each,Each,Northwind,1/50 scale,FALSE,30,14.1
230,RC vintage American toy coupe with remote control (Red) 1/50 scale,Red,Each,Each,Northwind,1/50 scale,FALSE,30,14.1
231,RC toy sedan car with remote control (Pink) 1/50 scale,N/A,Each,Each,Northwind,1/50 scale,FALSE,25,14
232,RC toy sedan car with remote control (Yellow) 1/50 scale,Yellow,Each,Each,Northwind,1/50 scale,FALSE,25,14
233,RC toy sedan car with remote control (Green) 1/50 scale,N/A,Each,Each,Northwind,1/50 scale,FALSE,25,14
234,RC toy sedan car with remote control (Blue) 1/50 scale,Blue,Each,Each,Northwind,1/50 scale,FALSE,25,14
235,RC toy sedan car with remote control (Red) 1/50 scale,Red,Each,Each,Northwind,1/50 scale,FALSE,25,14
236,RC toy sedan car with remote control (Black) 1/50 scale,Black,Each,Each,Northwind,1/50 scale,FALSE,25,14
291,USB rocket launcher (Gray),Steel Gray,Each,Each,N/A,N/A,FALSE,25,17
292,USB missile launcher (Green),N/A,Each,Each,N/A,N/A,FALSE,25,15
293,Void fill 400 L bag (White) 400L,N/A,Each,Each,N/A,400L,FALSE,50,33
294,Void fill 300 L bag (White) 300L,N/A,Each,Each,N/A,300L,FALSE,37.5,18.375
295,Void fill 200 L bag (White) 200L,N/A,Each,Each,N/A,200L,FALSE,25,18.5
296,Void fill 100 L bag (White) 100L,N/A,Each,Each,N/A,100L,FALSE,12.5,7
297,Air cushion machine (Blue),N/A,Each,Each,N/A,N/A,FALSE,1899,778.59
298,Air cushion film 200mmx200mm 325m,N/A,Each,Each,N/A,325m,FALSE,90,61.2
299,Air cushion film 200mmx100mm 325m,N/A,Each,Each,N/A,325m,FALSE,87,61.2
300,Large  replacement blades 18mm,N/A,Each,Each,N/A,18mm,FALSE,4.3,1.72
301,Small 9mm replacement blades 9mm,N/A,Each,Each,N/A,9mm,FALSE,4.1,2.624
302,Packing knife with metal insert blade (Yellow) 18mm,N/A,Each,Each,N/A,18mm,FALSE,2.4,1.584
303,Packing knife with metal insert blade (Yellow) 9mm,N/A,Each,Each,N/A,9mm,FALSE,1.89,1.584
304,Permanent marker red 5mm nib (Red) 5mm,N/A,Each,Each,N/A,5mm,FALSE,2.7,1.593
305,Permanent marker blue 5mm nib (Blue) 5mm,N/A,Each,Each,N/A,5mm,FALSE,2.7,1.593
306,Permanent marker black 5mm nib (Black) 5mm,N/A,Each,Each,N/A,5mm,FALSE,2.7,1.593
310,Red and white urgent  heavy despatch tape  48mmx100m,N/A,Each,Each,N/A,48mmx100m,FALSE,4.1,2.173
311,Red and white urgent despatch tape 48mmx75m,N/A,Each,Each,N/A,48mmx75m,FALSE,3.7,2.173
312,Black and yellow heavy despatch tape 48mmx100m,N/A,Each,Each,N/A,48mmx100m,FALSE,4.1,1.681
313,Black and yellow heavy despatch tape  48mmx75m,N/A,Each,Each,N/A,48mmx75m,FALSE,3.7,1.681
314,Black and orange this way up despatch tape  48mmx100m,N/A,Each,Each,N/A,48mmx100m,FALSE,4.1,2.952
315,Black and orange this way up despatch tape 48mmx75m,N/A,Each,Each,N/A,48mmx75m,FALSE,3.7,2.952
316,Black and orange handle with care despatch tape  48mmx100m,N/A,Each,Each,N/A,48mmx100m,FALSE,4.1,2.952
317,Black and orange handle with care despatch tape  48mmx75m,N/A,Each,Each,N/A,48mmx75m,FALSE,3.7,2.952
318,Black and orange glass with care despatch tape  48mmx100m,N/A,Each,Each,N/A,48mmx100m,FALSE,4.1,2.952
319,Black and orange glass with care despatch tape 48mmx75m,N/A,Each,Each,N/A,48mmx75m,FALSE,3.7,2.952
320,Black and orange fragile despatch tape 48mmx100m,N/A,Each,Each,N/A,48mmx100m,FALSE,4.1,2.952
321,Black and orange fragile despatch tape 48mmx75m,N/A,Each,Each,N/A,48mmx75m,FALSE,3.7,2.952
322,Clear packaging tape 48mmx100m,N/A,Each,Each,N/A,48mmx100m,FALSE,3.5,1.505
323,Clear packaging tape 48mmx75m,N/A,Each,Each,N/A,48mmx75m,FALSE,2.9,1.505
324,3 kg Courier post bag (White) 300x190x95mm,N/A,Each,Each,N/A,300x190x95mm,FALSE,0.66,0.5082
325,Express post box 5kg (White) 350x280x130mm,N/A,Each,Each,N/A,350x280x130mm,FALSE,0.95,0.7505
326,Shipping carton (Brown) 457x457x457mm,N/A,Each,Each,N/A,457x457x457mm,FALSE,2.1,1.05
327,Shipping carton (Brown) 356x356x279mm,N/A,Each,Each,N/A,356x356x279mm,FALSE,2.04,1.05
328,Shipping carton (Brown) 305x305x305mm,N/A,Each,Each,N/A,305x305x305mm,FALSE,3.5,1.05
329,Shipping carton (Brown) 480x270x320mm,N/A,Each,Each,N/A,480x270x320mm,FALSE,2.74,1.05
330,Shipping carton (Brown) 457x279x279mm,N/A,Each,Each,N/A,457x279x279mm,FALSE,1.28,1.05
331,Shipping carton (Brown) 356x229x229mm,N/A,Each,Each,N/A,356x229x229mm,FALSE,1.14,1.05
332,Shipping carton (Brown) 279x254x217mm,N/A,Each,Each,N/A,279x254x217mm,FALSE,1.11,1.05
333,Shipping carton (Brown) 229x229x229mm,N/A,Each,Each,N/A,229x229x229mm,FALSE,1.05,1.05
334,Shipping carton (Brown) 500x310x310mm,N/A,Each,Each,N/A,500x310x310mm,FALSE,2.55,1.05
335,Shipping carton (Brown) 413x285x187mm,N/A,Each,Each,N/A,413x285x187mm,FALSE,1.05,1.05
336,Bubblewrap dispenser (Red) 1.5m,Red,Each,Each,N/A,1.5m,FALSE,240,124.8
337,Bubblewrap dispenser (Blue) 1.5m,Blue,Each,Each,N/A,1.5m,FALSE,240,124.8
338,Bubblewrap dispenser (Black) 1.5m,Black,Each,Each,N/A,1.5m,FALSE,240,124.8
339,32 mm Anti static bubble wrap (Blue) 50m,Blue,Each,Each,N/A,50m,FALSE,105,84
340,32 mm Anti static bubble wrap (Blue) 20m,Blue,Each,Each,N/A,20m,FALSE,48,84
342,20 mm Anti static bubble wrap (Blue) 50m,Blue,Each,Each,N/A,50m,FALSE,102,70.38
343,20 mm Anti static bubble wrap (Blue) 20m,Blue,Each,Each,N/A,20m,FALSE,45,70.38
344,20 mm Anti static bubble wrap (Blue) 10m,Blue,Each,Each,N/A,10m,FALSE,29,70.38
345,10 mm Anti static bubble wrap (Blue) 50m,Blue,Each,Each,N/A,50m,FALSE,99,53.46
346,10 mm Anti static bubble wrap (Blue) 20m,Blue,Each,Each,N/A,20m,FALSE,42,53.46
347,10 mm Anti static bubble wrap (Blue) 10m,Blue,Each,Each,N/A,10m,FALSE,26,53.46
348,32 mm Double sided bubble wrap 50m,N/A,Each,Each,N/A,50m,FALSE,112,86.24
349,32 mm Double sided bubble wrap 20m,N/A,Each,Each,N/A,20m,FALSE,37,86.24
350,32 mm Double sided bubble wrap 10m,N/A,Each,Each,N/A,10m,FALSE,22,86.24
351,20 mm Double sided bubble wrap 50m,N/A,Each,Each,N/A,50m,FALSE,108,81
352,20 mm Double sided bubble wrap 20m,N/A,Each,Each,N/A,20m,FALSE,33,81
354,10 mm Double sided bubble wrap 50m,N/A,Each,Each,N/A,50m,FALSE,105,84
355,10 mm Double sided bubble wrap 20m,N/A,Each,Each,N/A,20m,FALSE,30,84
356,10 mm Double sided bubble wrap 10m,N/A,Each,Each,N/A,10m,FALSE,15,84
357,Large sized bubblewrap roll 50m,N/A,Each,Each,N/A,50m,FALSE,24,11.76
358,Medium sized bubblewrap roll 20m,N/A,Each,Each,N/A,20m,FALSE,20,13.4
359,Small sized bubblewrap roll 10m,N/A,Each,Each,N/A,10m,FALSE,4.5,3.105
391,Ride on big wheel monster truck (Black) 1/12 scale,Black,Each,Each,Northwind,1/12 scale,FALSE,345,182.85
392,Ride on toy sedan car (Pink) 1/12 scale,N/A,Each,Each,Northwind,1/12 scale,FALSE,230,98.9
393,Ride on toy sedan car (Yellow) 1/12 scale,Yellow,Each,Each,Northwind,1/12 scale,FALSE,230,98.9
394,Ride on toy sedan car (Green) 1/12 scale,N/A,Each,Each,Northwind,1/12 scale,FALSE,230,98.9
395,Ride on toy sedan car (Blue) 1/12 scale,Blue,Each,Each,Northwind,1/12 scale,FALSE,230,98.9
396,Ride on toy sedan car (Red) 1/12 scale,Red,Each,Each,Northwind,1/12 scale,FALSE,230,98.9
397,Ride on toy sedan car (Black) 1/12 scale,Black,Each,Each,Northwind,1/12 scale,FALSE,230,98.9
398,Office cube periscope (Black),Black,Each,Carton,N/A,N/A,FALSE,18.5,10.36
425,Alien officer hoodie (Black) XL,Black,Each,Each,N/A,XL,FALSE,35,24.15
426,Alien officer hoodie (Black) XXL,Black,Each,Each,N/A,XXL,FALSE,35,24.15
427,Alien officer hoodie (Black) 3XL,Black,Each,Each,N/A,3XL,FALSE,35,24.15
428,Alien officer hoodie (Black) 4XL,Black,Each,Each,N/A,4XL,FALSE,35,24.15
429,Alien officer hoodie (Black) 5XL,Black,Each,Each,N/A,5XL,FALSE,35,24.15
430,Superhero action jacket (Blue) 3XS,Blue,Each,Each,N/A,3XS,FALSE,25,17.75
431,Superhero action jacket (Blue) XXS,Blue,Each,Each,N/A,XXS,FALSE,25,17.75
432,Superhero action jacket (Blue) XS,Blue,Each,Each,N/A,XS,FALSE,25,17.75
433,Superhero action jacket (Blue) S,Blue,Each,Each,N/A,S,FALSE,25,17.75
434,Superhero action jacket (Blue) M,Blue,Each,Each,N/A,M,FALSE,30,17.75
435,Superhero action jacket (Blue) L,Blue,Each,Each,N/A,L,FALSE,30,17.75
436,Superhero action jacket (Blue) XL,Blue,Each,Each,N/A,XL,FALSE,30,17.75
437,Superhero action jacket (Blue) XXL,Blue,Each,Each,N/A,XXL,FALSE,30,17.75
438,Superhero action jacket (Blue) 3XL,Blue,Each,Each,N/A,3XL,FALSE,34,17.75
439,Superhero action jacket (Blue) 4XL,Blue,Each,Each,N/A,4XL,FALSE,34,17.75
440,Superhero action jacket (Blue) 5XL,Blue,Each,Each,N/A,5XL,FALSE,34,17.75
453,Ride on vintage American toy coupe (Black) 1/12 scale,Black,Each,Each,Northwind,1/12 scale,FALSE,285,116.85
454,Ride on vintage American toy coupe (Red) 1/12 scale,Red,Each,Each,Northwind,1/12 scale,FALSE,285,116.85
455,RC big wheel monster truck with remote control (Black) 1/50 scale,Black,Each,Each,Northwind,1/50 scale,FALSE,45,24.3
456,RC vintage American toy coupe with remote control (Black) 1/50 scale,Black,Each,Each,Northwind,1/50 scale,FALSE,30,18.3
457,RC vintage American toy coupe with remote control (Red) 1/50 scale,Red,Each,Each,Northwind,1/50 scale,FALSE,30,18.3
458,RC toy sedan car with remote control (Pink) 1/50 scale,N/A,Each,Each,Northwind,1/50 scale,FALSE,25,10
459,RC toy sedan car with remote control (Yellow) 1/50 scale,Yellow,Each,Each,Northwind,1/50 scale,FALSE,25,10
460,RC toy sedan car with remote control (Green) 1/50 scale,N/A,Each,Each,Northwind,1/50 scale,FALSE,25,10
461,RC toy sedan car with remote control (Blue) 1/50 scale,Blue,Each,Each,Northwind,1/50 scale,FALSE,25,10
462,RC toy sedan car with remote control (Red) 1/50 scale,Red,Each,Each,Northwind,1/50 scale,FALSE,25,10
463,RC toy sedan car with remote control (Black) 1/50 scale,Black,Each,Each,Northwind,1/50 scale,FALSE,25,10
464,RC vintage American toy coupe with remote control (Black) 1/50 scale,Black,Each,Each,Northwind,1/50 scale,FALSE,30,15.3
465,RC vintage American toy coupe with remote control (Red) 1/50 scale,Red,Each,Each,Northwind,1/50 scale,FALSE,30,15.3
466,RC big wheel monster truck with remote control (Black) 1/50 scale,Black,Each,Each,Northwind,1/50 scale,FALSE,45,23.4
467,RC toy sedan car with remote control (Black) 1/50 scale,Black,Each,Each,Northwind,1/50 scale,FALSE,25,18.25
468,RC toy sedan car with remote control (Red) 1/50 scale,Red,Each,Each,Northwind,1/50 scale,FALSE,25,18.25
469,RC toy sedan car with remote control (Blue) 1/50 scale,Blue,Each,Each,Northwind,1/50 scale,FALSE,25,18.25
470,RC toy sedan car with remote control (Green) 1/50 scale,N/A,Each,Each,Northwind,1/50 scale,FALSE,25,18.25
471,RC toy sedan car with remote control (Yellow) 1/50 scale,Yellow,Each,Each,Northwind,1/50 scale,FALSE,25,18.25
472,RC toy sedan car with remote control (Pink) 1/50 scale,N/A,Each,Each,Northwind,1/50 scale,FALSE,25,18.25
473,RC vintage American toy coupe with remote control (Red) 1/50 scale,Red,Each,Each,Northwind,1/50 scale,FALSE,30,23.7
474,RC vintage American toy coupe with remote control (Black) 1/50 scale,Black,Each,Each,Northwind,1/50 scale,FALSE,30,23.7
475,Ride on vintage American toy coupe (Black) 1/12 scale,Black,Each,Each,Northwind,1/12 scale,FALSE,285,171
476,Ride on vintage American toy coupe (Red) 1/12 scale,Red,Each,Each,Northwind,1/12 scale,FALSE,285,171
488,Ride on toy sedan car (Black) 1/12 scale,Black,Each,Each,Northwind,1/12 scale,FALSE,230,96.6
489,Ride on toy sedan car (Red) 1/12 scale,Red,Each,Each,Northwind,1/12 scale,FALSE,230,96.6
490,Ride on toy sedan car (Blue) 1/12 scale,Blue,Each,Each,Northwind,1/12 scale,FALSE,230,96.6
491,Ride on toy sedan car (Green) 1/12 scale,N/A,Each,Each,Northwind,1/12 scale,FALSE,230,96.6
492,Ride on toy sedan car (Yellow) 1/12 scale,Yellow,Each,Each,Northwind,1/12 scale,FALSE,230,96.6
493,Ride on toy sedan car (Pink) 1/12 scale,N/A,Each,Each,Northwind,1/12 scale,FALSE,230,96.6
494,Ride on vintage American toy coupe (Red) 1/12 scale,Red,Each,Each,Northwind,1/12 scale,FALSE,285,142.5
495,Ride on vintage American toy coupe (Black) 1/12 scale,Black,Each,Each,Northwind,1/12 scale,FALSE,285,142.5
496,Ride on big wheel monster truck (Black) 1/12 scale,Black,Each,Each,Northwind,1/12 scale,FALSE,345,244.95
603,USB missile launcher (Green),N/A,Each,Each,N/A,N/A,FALSE,25,12.75
604,USB rocket launcher (Gray),Steel Gray,Each,Each,N/A,N/A,FALSE,25,13.5
605,Small sized bubblewrap roll 10m,N/A,Each,Each,N/A,10m,FALSE,4.5,2.25
606,Medium sized bubblewrap roll 20m,N/A,Each,Each,N/A,20m,FALSE,20,8.8
607,Large sized bubblewrap roll 50m,N/A,Each,Each,N/A,50m,FALSE,24,13.2
608,10 mm Double sided bubble wrap 10m,N/A,Each,Each,N/A,10m,FALSE,15,6.75
609,10 mm Double sided bubble wrap 20m,N/A,Each,Each,N/A,20m,FALSE,30,6.75
610,10 mm Double sided bubble wrap 50m,N/A,Each,Each,N/A,50m,FALSE,105,6.75
612,20 mm Double sided bubble wrap 20m,N/A,Each,Each,N/A,20m,FALSE,33,25.41
613,20 mm Double sided bubble wrap 50m,N/A,Each,Each,N/A,50m,FALSE,108,25.41
614,32 mm Double sided bubble wrap 10m,N/A,Each,Each,N/A,10m,FALSE,22,14.52
615,32 mm Double sided bubble wrap 20m,N/A,Each,Each,N/A,20m,FALSE,37,14.52
616,32 mm Double sided bubble wrap 50m,N/A,Each,Each,N/A,50m,FALSE,112,14.52
617,10 mm Anti static bubble wrap (Blue) 10m,Blue,Each,Each,N/A,10m,FALSE,26,13.52
618,10 mm Anti static bubble wrap (Blue) 20m,Blue,Each,Each,N/A,20m,FALSE,42,13.52
619,10 mm Anti static bubble wrap (Blue) 50m,Blue,Each,Each,N/A,50m,FALSE,99,13.52
620,20 mm Anti static bubble wrap (Blue) 10m,Blue,Each,Each,N/A,10m,FALSE,29,20.3
621,20 mm Anti static bubble wrap (Blue) 20m,Blue,Each,Each,N/A,20m,FALSE,45,20.3
622,20 mm Anti static bubble wrap (Blue) 50m,Blue,Each,Each,N/A,50m,FALSE,102,20.3
624,32 mm Anti static bubble wrap (Blue) 20m,Blue,Each,Each,N/A,20m,FALSE,48,33.6
625,32 mm Anti static bubble wrap (Blue) 50m,Blue,Each,Each,N/A,50m,FALSE,105,33.6
626,Bubblewrap dispenser (Black) 1.5m,Black,Each,Each,N/A,1.5m,FALSE,240,153.6
627,Bubblewrap dispenser (Blue) 1.5m,Blue,Each,Each,N/A,1.5m,FALSE,240,153.6
628,Bubblewrap dispenser (Red) 1.5m,Red,Each,Each,N/A,1.5m,FALSE,240,153.6
629,Shipping carton (Brown) 413x285x187mm,N/A,Each,Each,N/A,413x285x187mm,FALSE,1.05,0.441
630,Shipping carton (Brown) 500x310x310mm,N/A,Each,Each,N/A,500x310x310mm,FALSE,2.55,0.441
631,Shipping carton (Brown) 229x229x229mm,N/A,Each,Each,N/A,229x229x229mm,FALSE,1.05,0.441
632,Shipping carton (Brown) 279x254x217mm,N/A,Each,Each,N/A,279x254x217mm,FALSE,1.11,0.441
633,Shipping carton (Brown) 356x229x229mm,N/A,Each,Each,N/A,356x229x229mm,FALSE,1.14,0.441
634,Shipping carton (Brown) 457x279x279mm,N/A,Each,Each,N/A,457x279x279mm,FALSE,1.28,0.441
635,Shipping carton (Brown) 480x270x320mm,N/A,Each,Each,N/A,480x270x320mm,FALSE,2.74,0.441
636,Shipping carton (Brown) 305x305x305mm,N/A,Each,Each,N/A,305x305x305mm,FALSE,3.5,0.441
637,Shipping carton (Brown) 356x356x279mm,N/A,Each,Each,N/A,356x356x279mm,FALSE,2.04,0.441
638,Shipping carton (Brown) 457x457x457mm,N/A,Each,Each,N/A,457x457x457mm,FALSE,2.1,0.441
639,Express post box 5kg (White) 350x280x130mm,N/A,Each,Each,N/A,350x280x130mm,FALSE,0.95,0.4275
640,3 kg Courier post bag (White) 300x190x95mm,N/A,Each,Each,N/A,300x190x95mm,FALSE,0.66,0.4488
641,Clear packaging tape 48mmx75m,N/A,Each,Each,N/A,48mmx75m,FALSE,2.9,1.711
642,Clear packaging tape 48mmx100m,N/A,Each,Each,N/A,48mmx100m,FALSE,3.5,1.711
643,Black and orange fragile despatch tape 48mmx75m,N/A,Each,Each,N/A,48mmx75m,FALSE,3.7,2.849
644,Black and orange fragile despatch tape 48mmx100m,N/A,Each,Each,N/A,48mmx100m,FALSE,4.1,2.849
645,Black and orange glass with care despatch tape 48mmx75m,N/A,Each,Each,N/A,48mmx75m,FALSE,3.7,2.849
646,Black and orange glass with care despatch tape  48mmx100m,N/A,Each,Each,N/A,48mmx100m,FALSE,4.1,2.849
647,Black and orange handle with care despatch tape  48mmx75m,N/A,Each,Each,N/A,48mmx75m,FALSE,3.7,2.849
648,Black and orange handle with care despatch tape  48mmx100m,N/A,Each,Each,N/A,48mmx100m,FALSE,4.1,2.849
649,Black and orange this way up despatch tape 48mmx75m,N/A,Each,Each,N/A,48mmx75m,FALSE,3.7,2.849
650,Black and orange this way up despatch tape  48mmx100m,N/A,Each,Each,N/A,48mmx100m,FALSE,4.1,2.849
651,Black and yellow heavy despatch tape  48mmx75m,N/A,Each,Each,N/A,48mmx75m,FALSE,3.7,2.294
652,Black and yellow heavy despatch tape 48mmx100m,N/A,Each,Each,N/A,48mmx100m,FALSE,4.1,2.294
653,Red and white urgent despatch tape 48mmx75m,N/A,Each,Each,N/A,48mmx75m,FALSE,3.7,2.035
654,Red and white urgent  heavy despatch tape  48mmx100m,N/A,Each,Each,N/A,48mmx100m,FALSE,4.1,2.035
658,Permanent marker black 5mm nib (Black) 5mm,N/A,Each,Each,N/A,5mm,FALSE,2.7,1.782
659,Permanent marker blue 5mm nib (Blue) 5mm,N/A,Each,Each,N/A,5mm,FALSE,2.7,1.782
660,Permanent marker red 5mm nib (Red) 5mm,N/A,Each,Each,N/A,5mm,FALSE,2.7,1.782
661,Packing knife with metal insert blade (Yellow) 9mm,N/A,Each,Each,N/A,9mm,FALSE,1.89,1.0962
662,Packing knife with metal insert blade (Yellow) 18mm,N/A,Each,Each,N/A,18mm,FALSE,2.4,1.0962
663,Small 9mm replacement blades 9mm,N/A,Each,Each,N/A,9mm,FALSE,4.1,2.706
664,Large  replacement blades 18mm,N/A,Each,Each,N/A,18mm,FALSE,4.3,1.935
665,Air cushion film 200mmx100mm 325m,N/A,Each,Each,N/A,325m,FALSE,87,66.12
666,Air cushion film 200mmx200mm 325m,N/A,Each,Each,N/A,325m,FALSE,90,66.12
667,Air cushion machine (Blue),N/A,Each,Each,N/A,N/A,FALSE,1899,911.52
668,Void fill 100 L bag (White) 100L,N/A,Each,Each,N/A,100L,FALSE,12.5,8.625
669,Void fill 200 L bag (White) 200L,N/A,Each,Each,N/A,200L,FALSE,25,15.5
670,Void fill 300 L bag (White) 300L,N/A,Each,Each,N/A,300L,FALSE,37.5,26.25
671,Void fill 400 L bag (White) 400L,N/A,Each,Each,N/A,400L,FALSE,50,37
220,Novelty chilli chocolates 500g,N/A,Bag,Carton,N/A,500g,TRUE,14.5,11.31
221,Novelty chilli chocolates 250g,N/A,Bag,Carton,N/A,250g,TRUE,8.55,11.31
222,Chocolate echidnas 250g,N/A,Bag,Carton,N/A,250g,TRUE,8.55,3.5055
223,Chocolate beetles 250g,N/A,Bag,Carton,N/A,250g,TRUE,8.55,3.8475
224,Chocolate sharks 250g,N/A,Bag,Carton,N/A,250g,TRUE,8.55,6.5835
225,Chocolate frogs 250g,N/A,Bag,Carton,N/A,250g,TRUE,8.55,5.5575
226,White chocolate moon rocks 250g,N/A,Bag,Carton,N/A,250g,TRUE,8.55,6.156
227,White chocolate snow balls 250g,N/A,Bag,Carton,N/A,250g,TRUE,8.55,6.156
445,Novelty chilli chocolates 250g,N/A,Bag,Carton,N/A,250g,TRUE,8.55,6.5835
446,Novelty chilli chocolates 500g,N/A,Bag,Carton,N/A,500g,TRUE,14.5,6.5835
447,Chocolate beetles 250g,N/A,Bag,Carton,N/A,250g,TRUE,8.55,5.301
448,Chocolate echidnas 250g,N/A,Bag,Carton,N/A,250g,TRUE,8.55,5.3865
449,Chocolate frogs 250g,N/A,Bag,Carton,N/A,250g,TRUE,8.55,6.7545
450,Chocolate sharks 250g,N/A,Bag,Carton,N/A,250g,TRUE,8.55,3.591
451,White chocolate snow balls 250g,N/A,Bag,Carton,N/A,250g,TRUE,8.55,5.7285
452,White chocolate moon rocks 250g,N/A,Bag,Carton,N/A,250g,TRUE,8.55,5.7285
